<?xml version="1.0" encoding="UTF-8"?>
<ApexClass xmlns="http://soap.sforce.com/2006/04/metadata">
    <apiVersion>45.0</apiVersion>
    <packageVersions>
        <majorNumber>7</majorNumber>
        <minorNumber>0</minorNumber>
        <namespace>BigMachines</namespace>
    </packageVersions>
    <packageVersions>
        <majorNumber>3</majorNumber>
        <minorNumber>142</minorNumber>
        <namespace>ccrz</namespace>
    </packageVersions>
    <status>Active</status>
</ApexClass>
