<?xml version="1.0" encoding="UTF-8"?>
<CustomMetadata xmlns="http://soap.sforce.com/2006/04/metadata" xmlns:xsi="http://www.w3.org/2001/XMLSchema-instance" xmlns:xsd="http://www.w3.org/2001/XMLSchema">
    <label>ServiceContractItemAPI</label>
    <protected>false</protected>
    <values>
        <field>Client_Id__c</field>
        <value xsi:nil="true"/>
    </values>
    <values>
        <field>Client__c</field>
        <value xsi:nil="true"/>
    </values>
    <values>
        <field>Company__c</field>
        <value xsi:type="xsd:string">298</value>
    </values>
    <values>
        <field>ContentType__c</field>
        <value xsi:nil="true"/>
    </values>
    <values>
        <field>Endpoint__c</field>
        <value xsi:type="xsd:string">https://dpcatws.rd.cat.com/infor/CustomerApi/LN/c4ws/services/SerializedServiceItem/LNTEST2</value>
    </values>
    <values>
        <field>Grant_Type__c</field>
        <value xsi:nil="true"/>
    </values>
    <values>
        <field>NumberOfRetries__c</field>
        <value xsi:nil="true"/>
    </values>
    <values>
        <field>Order_Acknowledgement_TSN__c</field>
        <value xsi:nil="true"/>
    </values>
    <values>
        <field>Order_cancellation_TSN__c</field>
        <value xsi:nil="true"/>
    </values>
    <values>
        <field>Order_submission_TSN__c</field>
        <value xsi:nil="true"/>
    </values>
    <values>
        <field>Password__c</field>
        <value xsi:type="xsd:string">9e=Nf&gt;yBccU]%Q-5</value>
    </values>
    <values>
        <field>Quote_confirmation_TSN__c</field>
        <value xsi:nil="true"/>
    </values>
    <values>
        <field>RegionalEmailAddress__c</field>
        <value xsi:nil="true"/>
    </values>
    <values>
        <field>RegionalPhoneNumber__c</field>
        <value xsi:nil="true"/>
    </values>
    <values>
        <field>Registration_Tracking_Number__c</field>
        <value xsi:nil="true"/>
    </values>
    <values>
        <field>Registration_invitation_TSN__c</field>
        <value xsi:nil="true"/>
    </values>
    <values>
        <field>RequestMethod__c</field>
        <value xsi:nil="true"/>
    </values>
    <values>
        <field>Self_registration_confirmation_TSN__c</field>
        <value xsi:nil="true"/>
    </values>
    <values>
        <field>Share_list_TSN__c</field>
        <value xsi:nil="true"/>
    </values>
    <values>
        <field>Share_product_TSN__c</field>
        <value xsi:nil="true"/>
    </values>
    <values>
        <field>Share_quote_TSN__c</field>
        <value xsi:nil="true"/>
    </values>
    <values>
        <field>SubKeyEmailCheck__c</field>
        <value xsi:nil="true"/>
    </values>
    <values>
        <field>Subdomain__c</field>
        <value xsi:nil="true"/>
    </values>
    <values>
        <field>Username__c</field>
        <value xsi:type="xsd:string">C4WSTST</value>
    </values>
</CustomMetadata>
