<?xml version="1.0" encoding="UTF-8"?>
<CustomMetadata xmlns="http://soap.sforce.com/2006/04/metadata" xmlns:xsi="http://www.w3.org/2001/XMLSchema-instance" xmlns:xsd="http://www.w3.org/2001/XMLSchema">
    <label>GetSFMCAuthToken</label>
    <protected>false</protected>
    <values>
        <field>Client_Id__c</field>
        <value xsi:type="xsd:string">0zfi1ia5iijnlipad60hrsjf</value>
    </values>
    <values>
        <field>Client__c</field>
        <value xsi:type="xsd:string">4i6GiZ99cewfjIk2S8YK5jEF</value>
    </values>
    <values>
        <field>Company__c</field>
        <value xsi:nil="true"/>
    </values>
    <values>
        <field>ContentType__c</field>
        <value xsi:nil="true"/>
    </values>
    <values>
        <field>Endpoint__c</field>
        <value xsi:type="xsd:string">https://auth.exacttargetapis.com/v1/requestToken</value>
    </values>
    <values>
        <field>Grant_Type__c</field>
        <value xsi:type="xsd:string">client_credentials</value>
    </values>
    <values>
        <field>NumberOfRetries__c</field>
        <value xsi:type="xsd:double">3.0</value>
    </values>
    <values>
        <field>Order_Acknowledgement_TSN__c</field>
        <value xsi:nil="true"/>
    </values>
    <values>
        <field>Order_cancellation_TSN__c</field>
        <value xsi:nil="true"/>
    </values>
    <values>
        <field>Order_submission_TSN__c</field>
        <value xsi:nil="true"/>
    </values>
    <values>
        <field>Password__c</field>
        <value xsi:nil="true"/>
    </values>
    <values>
        <field>Quote_confirmation_TSN__c</field>
        <value xsi:nil="true"/>
    </values>
    <values>
        <field>RegionalEmailAddress__c</field>
        <value xsi:nil="true"/>
    </values>
    <values>
        <field>RegionalPhoneNumber__c</field>
        <value xsi:nil="true"/>
    </values>
    <values>
        <field>Registration_Tracking_Number__c</field>
        <value xsi:nil="true"/>
    </values>
    <values>
        <field>Registration_invitation_TSN__c</field>
        <value xsi:nil="true"/>
    </values>
    <values>
        <field>RequestMethod__c</field>
        <value xsi:nil="true"/>
    </values>
    <values>
        <field>Self_registration_confirmation_TSN__c</field>
        <value xsi:nil="true"/>
    </values>
    <values>
        <field>Share_list_TSN__c</field>
        <value xsi:nil="true"/>
    </values>
    <values>
        <field>Share_product_TSN__c</field>
        <value xsi:nil="true"/>
    </values>
    <values>
        <field>Share_quote_TSN__c</field>
        <value xsi:nil="true"/>
    </values>
    <values>
        <field>SubKeyEmailCheck__c</field>
        <value xsi:nil="true"/>
    </values>
    <values>
        <field>Subdomain__c</field>
        <value xsi:nil="true"/>
    </values>
    <values>
        <field>Username__c</field>
        <value xsi:nil="true"/>
    </values>
</CustomMetadata>
