<?xml version="1.0" encoding="UTF-8"?>
<CustomMetadata xmlns="http://soap.sforce.com/2006/04/metadata" xmlns:xsi="http://www.w3.org/2001/XMLSchema-instance" xmlns:xsd="http://www.w3.org/2001/XMLSchema">
    <label>GetHerokuAuthToken</label>
    <protected>false</protected>
    <values>
        <field>Client_Id__c</field>
        <value xsi:type="xsd:string">ECRM_AftermarketPSE_Apigee_cc_client</value>
    </values>
    <values>
        <field>Client__c</field>
        <value xsi:type="xsd:string">lchFVFxncjc5CRMVnaeRWvMM5BGLD6qkIGy2kTXCiNgR7By9Ab5OPbwNuGlKXPrj</value>
    </values>
    <values>
        <field>ContentType__c</field>
        <value xsi:type="xsd:string">application/x-www-form-urlencoded</value>
    </values>
    <values>
        <field>Endpoint__c</field>
        <value xsi:type="xsd:string">https://fedloginqa.cat.com/as/token.oauth2</value>
    </values>
    <values>
        <field>Grant_Type__c</field>
        <value xsi:type="xsd:string">client_credentials</value>
    </values>
    <values>
        <field>Password__c</field>
        <value xsi:nil="true"/>
    </values>
    <values>
        <field>RequestMethod__c</field>
        <value xsi:type="xsd:string">POST</value>
    </values>
    <values>
        <field>SubKeyEmailCheck__c</field>
        <value xsi:nil="true"/>
    </values>
    <values>
        <field>Subdomain__c</field>
        <value xsi:nil="true"/>
    </values>
    <values>
        <field>Username__c</field>
        <value xsi:nil="true"/>
    </values>
</CustomMetadata>
