<?xml version="1.0" encoding="UTF-8"?>
<CustomMetadata xmlns="http://soap.sforce.com/2006/04/metadata" xmlns:xsi="http://www.w3.org/2001/XMLSchema-instance" xmlns:xsd="http://www.w3.org/2001/XMLSchema">
    <label>SFMCHerokuEmailService</label>
    <protected>false</protected>
    <values>
        <field>Client_Id__c</field>
        <value xsi:type="xsd:string">xecfzvslo2myi9pq8b9laghp</value>
    </values>
    <values>
        <field>Client__c</field>
        <value xsi:type="xsd:string">Ild7I7oTAwZMHOlLY73LZPXP</value>
    </values>
    <values>
        <field>Company__c</field>
        <value xsi:nil="true"/>
    </values>
    <values>
        <field>ContentType__c</field>
        <value xsi:type="xsd:string">application/json</value>
    </values>
    <values>
        <field>Endpoint__c</field>
        <value xsi:type="xsd:string">https://apiqa.catdevservices.com/marketing/ecrm/data/customer-management/contact</value>
    </values>
    <values>
        <field>Grant_Type__c</field>
        <value xsi:nil="true"/>
    </values>
    <values>
        <field>Order_cancellation_TSN__c</field>
        <value xsi:type="xsd:string">DEV_Solar_Order_Cancellation_0719</value>
    </values>
    <values>
        <field>Order_submission_TSN__c</field>
        <value xsi:type="xsd:string">DEV_Solar_Order_Confirmation_0719</value>
    </values>
    <values>
        <field>Password__c</field>
        <value xsi:nil="true"/>
    </values>
    <values>
        <field>Quote_confirmation_TSN__c</field>
        <value xsi:type="xsd:string">DEV_ Solar_Quote_Confirmation</value>
    </values>
    <values>
        <field>RegionalEmailAddress__c</field>
        <value xsi:type="xsd:string">domesticparts@solarturbines.com</value>
    </values>
    <values>
        <field>RegionalPhoneNumber__c</field>
        <value xsi:type="xsd:string">1-800-765-2750</value>
    </values>
    <values>
        <field>Registration_Tracking_Number__c</field>
        <value xsi:type="xsd:double">1.00003018E8</value>
    </values>
    <values>
        <field>Registration_invitation_TSN__c</field>
        <value xsi:type="xsd:string">DEV_Solar_RegistrationShare</value>
    </values>
    <values>
        <field>RequestMethod__c</field>
        <value xsi:type="xsd:string">POST</value>
    </values>
    <values>
        <field>Self_registration_confirmation_TSN__c</field>
        <value xsi:type="xsd:string">DEV_Solar_Registration_Confirmation</value>
    </values>
    <values>
        <field>Share_list_TSN__c</field>
        <value xsi:type="xsd:string">DEV_Solar_ListShare</value>
    </values>
    <values>
        <field>Share_product_TSN__c</field>
        <value xsi:type="xsd:string">DEV_Solar_PartShare</value>
    </values>
    <values>
        <field>Share_quote_TSN__c</field>
        <value xsi:type="xsd:string">DEV_Solar_QuoteShare</value>
    </values>
    <values>
        <field>SubKeyEmailCheck__c</field>
        <value xsi:nil="true"/>
    </values>
    <values>
        <field>Subdomain__c</field>
        <value xsi:type="xsd:string">mcgyfs6p8q4rt0bgyh1ylv8w01ym</value>
    </values>
    <values>
        <field>Username__c</field>
        <value xsi:nil="true"/>
    </values>
</CustomMetadata>
