<?xml version="1.0" encoding="UTF-8"?>
<CustomMetadata xmlns="http://soap.sforce.com/2006/04/metadata" xmlns:xsi="http://www.w3.org/2001/XMLSchema-instance" xmlns:xsd="http://www.w3.org/2001/XMLSchema">
    <label>SolarAPI</label>
    <protected>false</protected>
    <values>
        <field>Client_Id__c</field>
        <value xsi:type="xsd:string">infor~AD7LUyrEhk0Qg7GCpzn_yhBuRlK3Aok5twfUJ7Hc_Kw</value>
    </values>
    <values>
        <field>Client__c</field>
        <value xsi:type="xsd:string">3kltNBKuqv-1FNjmYM7U-axaf5FR8WXW9XFEWOrkIUoihUPQ6gSh9A76ZjiPHNvRmGG4HXYycUCdGtUDMvwn2g</value>
    </values>
    <values>
        <field>ContentType__c</field>
        <value xsi:nil="true"/>
    </values>
    <values>
        <field>Endpoint__c</field>
        <value xsi:type="xsd:string">https://xidev.solar.cat.com/InforIntSTS/connect/token</value>
    </values>
    <values>
        <field>Grant_Type__c</field>
        <value xsi:type="xsd:string">password</value>
    </values>
    <values>
        <field>Order_cancellation_TSN__c</field>
        <value xsi:nil="true"/>
    </values>
    <values>
        <field>Order_submission_TSN__c</field>
        <value xsi:nil="true"/>
    </values>
    <values>
        <field>Password__c</field>
        <value xsi:type="xsd:string">gYs1QewysoLfd6QrCCR8fcbzbC6D5QUPyv4I9xbNBv0oKhsDYGsdNfKFwHTEXfwwaFyThyj8yLRblkEP1dHOWw</value>
    </values>
    <values>
        <field>Quote_confirmation_TSN__c</field>
        <value xsi:nil="true"/>
    </values>
    <values>
        <field>Registration_invitation_TSN__c</field>
        <value xsi:nil="true"/>
    </values>
    <values>
        <field>RequestMethod__c</field>
        <value xsi:nil="true"/>
    </values>
    <values>
        <field>Self_registration_confirmation_TSN__c</field>
        <value xsi:nil="true"/>
    </values>
    <values>
        <field>Share_list_TSN__c</field>
        <value xsi:nil="true"/>
    </values>
    <values>
        <field>Share_product_TSN__c</field>
        <value xsi:nil="true"/>
    </values>
    <values>
        <field>Share_quote_TSN__c</field>
        <value xsi:nil="true"/>
    </values>
    <values>
        <field>SubKeyEmailCheck__c</field>
        <value xsi:nil="true"/>
    </values>
    <values>
        <field>Subdomain__c</field>
        <value xsi:nil="true"/>
    </values>
    <values>
        <field>Username__c</field>
        <value xsi:type="xsd:string">infor#6OoEusoNiiBU1utV0TNTgO0ukwgAu9cx5zYGXiWjBH3umYi1i0yMKyejQHndA9J3BvSJbfq5TPNtxSCTAkjHDA</value>
    </values>
</CustomMetadata>
