<?xml version="1.0" encoding="UTF-8"?>
<CustomMetadata xmlns="http://soap.sforce.com/2006/04/metadata" xmlns:xsi="http://www.w3.org/2001/XMLSchema-instance" xmlns:xsd="http://www.w3.org/2001/XMLSchema">
    <label>QuoteShare</label>
    <protected>false</protected>
    <values>
        <field>Client_Id__c</field>
        <value xsi:type="xsd:string">xecfzvslo2myi9pq8b9laghp</value>
    </values>
    <values>
        <field>Client__c</field>
        <value xsi:type="xsd:string">Ild7I7oTAwZMHOlLY73LZPXP</value>
    </values>
    <values>
        <field>ContentType__c</field>
        <value xsi:type="xsd:string">application/json</value>
    </values>
    <values>
        <field>Endpoint__c</field>
        <value xsi:type="xsd:string">https://apiqa.catdevservices.com/marketing/ecrm/data/customer-management/contact</value>
    </values>
    <values>
        <field>Grant_Type__c</field>
        <value xsi:nil="true"/>
    </values>
    <values>
        <field>Password__c</field>
        <value xsi:nil="true"/>
    </values>
    <values>
        <field>RequestMethod__c</field>
        <value xsi:type="xsd:string">POST</value>
    </values>
    <values>
        <field>SubKeyEmailCheck__c</field>
        <value xsi:nil="true"/>
    </values>
    <values>
        <field>Subdomain__c</field>
        <value xsi:type="xsd:string">mcgyfs6p8q4rt0bgyh1ylv8w01ym</value>
    </values>
    <values>
        <field>Username__c</field>
        <value xsi:nil="true"/>
    </values>
</CustomMetadata>
