<?xml version="1.0" encoding="UTF-8"?>
<CustomMetadata xmlns="http://soap.sforce.com/2006/04/metadata" xmlns:xsi="http://www.w3.org/2001/XMLSchema-instance" xmlns:xsd="http://www.w3.org/2001/XMLSchema">
    <label>ND25</label>
    <protected>false</protected>
    <values>
        <field>Node_Name__c</field>
        <value xsi:type="xsd:string">Description</value>
    </values>
    <values>
        <field>Type__c</field>
        <value xsi:type="xsd:string">Common</value>
    </values>
</CustomMetadata>
