<?xml version="1.0" encoding="UTF-8"?>
<CustomMetadata xmlns="http://soap.sforce.com/2006/04/metadata" xmlns:xsi="http://www.w3.org/2001/XMLSchema-instance" xmlns:xsd="http://www.w3.org/2001/XMLSchema">
    <label>CyberSource REST CaptureAPI Endpoint</label>
    <protected>false</protected>
    <values>
        <field>cc_ST_Description__c</field>
        <value xsi:type="xsd:string">Captures Payment Using Authorization Token</value>
    </values>
    <values>
        <field>cc_ST_Host__c</field>
        <value xsi:type="xsd:string">apitest.cybersource.com</value>
    </values>
    <values>
        <field>cc_ST_Key_Id__c</field>
        <value xsi:type="xsd:string">8f8421c0-5acc-4a0e-bb2e-86901fa912ed</value>
    </values>
    <values>
        <field>cc_ST_Merchant_Id__c</field>
        <value xsi:type="xsd:string">solar_turbines_ecommerce</value>
    </values>
    <values>
        <field>cc_ST_Payment_Endpoint_URI__c</field>
        <value xsi:type="xsd:string">/pts/v2/payments</value>
    </values>
    <values>
        <field>cc_ST_Shared_Key__c</field>
        <value xsi:type="xsd:string">UhGhOaIBoTKR9DqIDWkBJFQm5pQYVULLOmY1n1Fse/w=</value>
    </values>
    <values>
        <field>cc_ST_Transaction_Endpoint_URI__c</field>
        <value xsi:type="xsd:string">/tss/v2/transactions/</value>
    </values>
</CustomMetadata>
