<?xml version="1.0" encoding="UTF-8"?>
<CustomMetadata xmlns="http://soap.sforce.com/2006/04/metadata" xmlns:xsi="http://www.w3.org/2001/XMLSchema-instance" xmlns:xsd="http://www.w3.org/2001/XMLSchema">
    <label>Punchout_User_Williams</label>
    <protected>false</protected>
    <values>
        <field>Account_Nickname__c</field>
        <value xsi:type="xsd:string">Williams</value>
    </values>
    <values>
        <field>Contact_Address_ExtId__c</field>
        <value xsi:type="xsd:string">Loc00110978</value>
    </values>
    <values>
        <field>Domain_Name__c</field>
        <value xsi:type="xsd:string">@williams.com</value>
    </values>
    <values>
        <field>Exclusion_Email_List__c</field>
        <value xsi:type="xsd:string">john.smith@williams.com;joe.jackson@williams.com</value>
    </values>
    <values>
        <field>InvoiceTo_BPID__c</field>
        <value xsi:type="xsd:string">400006111</value>
    </values>
</CustomMetadata>
