<?xml version="1.0" encoding="UTF-8"?>
<CustomMetadata xmlns="http://soap.sforce.com/2006/04/metadata" xmlns:xsi="http://www.w3.org/2001/XMLSchema-instance" xmlns:xsd="http://www.w3.org/2001/XMLSchema">
    <label>Redirection based on Country</label>
    <protected>false</protected>
    <values>
        <field>Values__c</field>
        <value xsi:type="xsd:string">AFGHANISTAN#ALAND ISLANDS#ALBANIA#ALGERIA#AMERICAN SAMOA#ANDORRA#ANGOLA#ANGUILLA#ANTARCTICA#ANTIGUA AND BARBUDA#ARGENTINA#ARMENIA#ARUBA#AUSTRIA#AZERBAIJAN#BAHAMAS#BAHRAIN#BANGLADESH#BARBADOS#BELARUS#BELGIUM#BELIZE#BENIN#BERMUDA#BHUTAN#BOLIVIA#BONAIRE, SAINT EUSTATIUS AND SABA#BOSNIA AND HERZEGOVINA#BOTSWANA#BOUVET ISLAND#BRAZIL#BRITISH INDIAN OCEAN TERRITORY#BRUNEI#BULGARIA#BURKINA FASO#BURUNDI#CAMBODIA#CAMEROON#CAPE VERDE#CAYMAN ISLANDS#CENTRAL AFRICAN REPUBLIC#CHAD#CHILE#CHINA#CHRISTMAS ISLAND#COCOS (KEELING) ISLANDS#COLOMBIA#COMOROS#CONGO#COOK ISLANDS#COSTA RICA#CROATIA#CUBA#CURA‚AO#CYPRUS#CZECH REPUBLIC#DEMOCRATIC REPUBLIC OF THE CONGO#DENMARK#DJIBOUTI#DOMINICA#DOMINICAN REPUBLIC#EAST TIMOR#ECUADOR#EGYPT#EL SALVADOR#EQUATORIAL GUINEA#ERITREA#ESTONIA#ETHIOPIA#FALKLAND ISLANDS (MALVINAS)#FAROE ISLANDS#FIJI#FINLAND#FRANCE#FRENCH GUIANA#FRENCH POLYNESIA#FRENCH SOUTHERN TERRITORIES#GABON#GAMBIA#GEORGIA#GERMANY#GHANA#GIBRALTAR#GREECE#GREENLAND#GRENADA#GUADELOUPE#GUAM#GUATEMALA#GUERNSEY#GUINEA#GUINEA-BISSAU#GUYANA#HAITI#HEARD ISLAND AND MCDONALD ISLANDS#HOLY SEE (VATICAN CITY STATE)#HONDURAS#HONG KONG#HUNGARY#ICELAND#INDIA#INDONESIA#IRAN, ISLAMIC REPUBLIC OF#IRAQ#IRELAND#ISLE OF MAN#ISRAEL#ITALY#IVORY COAST#JAMAICA#JAPAN#JERSEY#JORDAN#KAZAKHSTAN#KENYA#KIRIBATI#KUWAIT#KYRGYZSTAN#LAO PEOPLE&apos;S DEMOCRATIC REPUBLIC#LATVIA#LEBANON#LESOTHO#LIBERIA#LIBYA#LIECHTENSTEIN#LITHUANIA#LUXEMBOURG#MACAO#MADAGASCAR#MALAWI#MALAYSIA#MALDIVES#MALI#MALTA#MARSHALL ISLANDS#MARTINIQUE#MAURITANIA#MAURITIUS#MAYOTTE#MEXICO#MICRONESIA, FEDERATED STATES OF#MOLDOVA, REPUBLIC OF#MONACO#MONGOLIA#MONTENEGRO#MONTSERRAT#MOROCCO#MOZAMBIQUE#MYANMAR#NAMIBIA#NAURU#NEPAL#NETHERLANDS#NEW CALEDONIA#NEW ZEALAND#NICARAGUA#NIGER#NIGERIA#NIUE#NORFOLK ISLAND#NORTHERN MARIANA ISLANDS#NORWAY#OMAN#PAKISTAN#PALAU#PALESTINE, STATE OF#PANAMA#PAPUA NEW GUINEA#PARAGUAY#PERU#PHILIPPINES#PITCAIRN#POLAND#PORTUGAL#PUERTO RICO#QATAR#REPUBLIC OF NORTH MACEDONIA#REUNION#ROMANIA#RUSSIAN FEDERATION#RWANDA#SAINT BARTHELEMY#SAINT HELENA, ASCENSION AND T#SAINT KITTS AND NEVIS#SAINT LUCIA#SAINT MARTIN (FRENCH PART)#SAINT PIERRE AND MIQUELON#SAINT VINCENT AND THE GRENADINES#SAMOA#SAN MARINO#SAO TOME AND PRINCIPE#SAUDI ARABIA#SENEGAL#SERBIA#SEYCHELLES#SIERRA LEONE#SINGAPORE#SINT MAARTEN (DUTCH PART)#SLOVAKIA#SLOVENIA#SOLOMON ISLANDS#SOMALIA#SOUTH AFRICA#SOUTH GEORGIA AND THE SOUTH SA#SOUTH KOREA#SPAIN#SRI LANKA#SUDAN#SURINAME#SVALBARD AND JAN MAYEN#SWAZILAND#SWEDEN#SWITZERLAND#TAIWAN#TAJIKISTAN#TANZANIA, UNITED REPUBLIC OF#THAILAND#TOGO#TOKELAU#TONGA#TRINIDAD AND TOBAGO#TUNISIA#TURKEY#TURKMENISTAN#TURKS AND CAICOS ISLANDS#TUVALU#UGANDA#UKRAINE#UNITED ARAB EMIRATES#UNITED KINGDOM#UNITED STATES#UNITED STATES MINOR OUTLYING ISLANDS#URUGUAY#UZBEKISTAN#VANUATU#VENEZUELA#VIETNAM#VIRGIN ISLANDS, BRITISH#VIRGIN ISLANDS, U.S.#WALLIS AND FUTUNA#WESTERN SAHARA#YEMEN#ZAMBIA#ZIMBABWE</value>
    </values>
</CustomMetadata>
